{
    "herbivore": {
        "avg_survival": 37.30429958391124,
        "max_survival": 300,
        "total_animals": 3605,
        "top_3_survival_times": [
            300,
            300,
            300
        ]
    },
    "carnivore": {
        "avg_survival": 131.320987654321,
        "max_survival": 300,
        "total_animals": 162,
        "top_3_survival_times": [
            300,
            300,
            300
        ]
    },
    "omnivore": {
        "avg_survival": 183.55769230769232,
        "max_survival": 300,
        "total_animals": 104,
        "top_3_survival_times": [
            300,
            300,
            300
        ]
    }
}