{
    "herbivore": {
        "avg_survival": 67.28061581525543,
        "max_survival": 300,
        "total_animals": 1429,
        "top_3_survival_times": [
            300,
            300,
            300
        ]
    },
    "carnivore": {
        "avg_survival": 133.69811320754718,
        "max_survival": 300,
        "total_animals": 159,
        "top_3_survival_times": [
            300,
            300,
            300
        ]
    },
    "omnivore": {
        "avg_survival": 43.10857142857143,
        "max_survival": 300,
        "total_animals": 1050,
        "top_3_survival_times": [
            300,
            300,
            300
        ]
    }
}